markname,beta,se,pval,n
c01b000015585s,-0.04094,0.04432,0.3558,1760
c01b000015644s,0.03495,0.06458,0.5885,1886
c01b000015647s,-0.0344,0.02615,0.1884,1846
c01b000015717s,-0.00007959,0.03621,0.9982,1849
c01b000015721s,0.01191,0.03699,0.7475,1830
c01b000016805s,-0.1158,0.06619,0.08051,1861
c01b000016809s,-0.1118,0.06182,0.07062,1861
c01b000016856s,-0.01148,0.03502,0.743,1789
c01b000016946s,-0.01062,0.03778,0.7786,1857
c01b000016963s,-0.01291,0.05827,0.8246,1888
c01b000016968s,0.06216,0.04125,0.132,1880
c01b000016977s,-0.01566,0.06913,0.8208,1892
c01b000016993s,0.05791,0.04347,0.1829,1881
c01b000017041s,0.01959,0.06644,0.7682,1891
c01b000017101s,-0.06111,0.05283,0.2476,1795
c01b000017147s,-0.04903,0.02328,0.03534,1838
c01b000017181s,0.01428,0.07104,0.8408,1885
c01b000017375s,0.0008878,0.02357,0.97,1866
c01b000017379s,0.01394,0.02399,0.5613,1866
